[{"title":"Qualcomm camera 差值添加","date":"2018-03-12T02:28:28.546Z","path":"2018/03/12/Qualcomm camera 差值添加/","tags":[]},{"title":"Qualcomm camera OTP bring up","date":"2018-01-17T03:06:15.460Z","path":"2018/01/17/Qualcomm camera OTP bring up/","tags":[]},{"title":"Qualcomm camera bring up","date":"2018-01-17T03:06:15.412Z","path":"2018/01/17/Qualcomm camera bring up/","tags":[]},{"title":"MTK camera flashlight bring up","date":"2018-01-17T02:54:15.339Z","path":"2018/01/17/MTK camera flashlight bring up/","tags":[]},{"title":"MTK camera AF bring up","date":"2018-01-17T02:54:15.331Z","path":"2018/01/17/MTK camera AF bring up/","tags":[]},{"title":"MTK camera flashlight CTS test failed","date":"2018-01-17T02:54:15.329Z","path":"2018/01/17/MTK flashlight CTS test failed/","tags":[]},{"title":"MTK camera info文件节点添加","date":"2018-01-17T02:54:15.282Z","path":"2018/01/17/MTK camera info文件节点添加/","tags":[]},{"title":"MTK camera bring up","date":"2018-01-17T02:13:55.701Z","path":"2018/01/17/MTK camera bring up/","tags":[]},{"title":"生活不仅仅只有今天的苟且，还有明天。。。","date":"2018-01-16T07:03:49.264Z","path":"2018/01/16/index/","tags":[]}]